<?xml version="1.0" encoding="utf-8" ?>
<component name="HelloWorld" extends="Scene"> 
<interface>
    <field id="contenturi" type="uri" />
    <field id="content" type="node" />
	 <function name="doSomething" />
</interface>
	<children>
		<Label id="myLabel"  text="1" width="1280"  height="720"  
			horizAlign="center" vertAlign="center" 	/>
		 <Overhang translation="[60,60]"  /> 
		 <Poster uri = "pkg:/images/channel-poster_fhd.png"
		     translation = "[ 100, 400 ]" />
 		<Poster uri="pkg:/images/channel-poster_fhd.png" translation="[ 500, 400 ]">
			 <Label text="Poster Label" />
		</Poster>
 		<Poster uri="pkg:/images/channel-poster_fhd.png" translation="[ 900, 400 ]">
			<Label text="Phil" />
		</Poster>
		<LabelList
          id = "GenreList"
          translation = "[100,150]"
          itemSize = "[440,48]" >
          <ContentNode id = "genremenucontent" role = "content" >
           <ContentNode title = "sports" />
           <ContentNode title = "music" />
           <ContentNode title = "history" />
           <ContentNode title = "documentaries" />
          </ContentNode>
        </LabelList>
	</children>
<script type="text/brightscript" >
<![CDATA[
  function init()
    m.top.setFocus(true)
    m.myLabel = m.top.findNode("myLabel")
    m.myLabel.font.size=150
    m.myLabel.color="0xCCCCCC"
    m.newItem = CreateObject("RoSGNode", "Label")
    m.newItem.text="A label"
    xVal = 720
    yVal = 500
    m.newItem.translation = [xVal,yVal]
    m.newItem.visible=true
    font = CreateObject("roSGNode","Font")
    font.uri = "pkg:/fonts/BohemianTypewriter.ttf"
    m.font= font
  end function
]]>
</script>
</component>
