<?xml version="1.0" encoding="utf-8" ?>
<component name="HelloWorld" extends="Scene">
    <interface>
        <field id="contenturi" type="uri" />
        <field id="content" type="node" />
        <function name="doSomething" />
    </interface>
    <script type="text/brightscript" uri="pkg:/components/helloworld.brs" />
    <script type="text/brightscript" uri="pkg:/source/bslib.brs" />
    <children>
        <Label id="myLabel" text="1" width="1280" height="720" horizAlign="center" vertAlign="center" />
        <Label id="myLabel2" text="label2" width="1000" height="400" horizAlign="right" vertAlign="center" />
        <Label id="myLabel3" text="label3" width="500" height="200" horizAlign="left" vertAlign="center" translation="[100,100]" />
        <Label id="myLabel4" text="label4" width="500" height="200" horizAlign="left" vertAlign="bottom" translation="[60,0]" />
        <Overhang translation="[60,60]" />
        <Poster uri="pkg:/images/channel-poster_fhd.png" translation="[ 100, 400 ]" />
        <Poster uri="pkg:/images/channel-poster_fhd.png" translation="[ 500, 400 ]">
            <Label text="Poster Label" />
        </Poster>
        <Poster uri="pkg:/images/channel-poster_fhd.png" translation="[ 900, 400 ]">
            <Label text="Phil" />
        </Poster>
    </children>
</component>
