<?xml version="1.0" encoding="utf-8" ?>
<component name="HelloWorld" extends="Scene"> 
	<children>
      <Label id="myLabel" 
      	text="Phil Loves Zoe2"
      	width="1280" 
      	height="720" 
      	horizAlign="center"
      	vertAlign="center"
      	/>
    </children>
    	<children>
      <Label id="myLabel" 
      	text="Phil Loves Zoe2"
      	width="1280" 
      	height="720" 
      	horizAlign="center"
      	vertAlign="center"
      	/>
    </children>
<!-- BrightScript Portion -->
<script type="text/brightscript" >
<![CDATA[
  '** 
  '** Example: Edit a Label size and color with BrightScript
  '**
  function init()
    m.top.setFocus(true)
    m.myLabel = m.top.findNode("myLabel")
    
    'Set the font size
    m.myLabel.font.size=92

    'Set the color to light blue
    m.myLabel.color="0x72D7EEFF"

    '**
    '** The full list of editable attributes can be located at:
    '** http://sdkdocs.roku.com/display/sdkdoc/Label#Label-Fields
    '**
  end function
]]>
</script>
<!-- End of BrightScript Portion -->
</component>
